epoch,train_loss,step
0,10.713316917419434,49
1,9.467403411865234,99
2,9.183313369750977,149
3,8.987842559814453,199
4,9.053061485290527,249
