epoch,train_loss,step
0,11.125643730163574,49
1,9.810432434082031,99
2,9.259711265563965,149
3,9.091444969177246,199
4,9.241205215454102,249
