step,epoch,train_loss
49,0,0.7656350135803223
99,1,-0.5299222469329834
149,2,-0.9002931714057922
199,3,-0.7246965169906616
249,4,-0.8404842615127563
