train_loss,step,epoch
1.0074758529663086,49,0
-0.39784592390060425,99,1
-0.7959084510803223,149,2
-0.9834654927253723,199,3
-1.1942259073257446,249,4
