epoch,train_loss,step
0,10.652054786682129,49
1,9.220257759094238,99
2,8.97543716430664,149
3,8.903165817260742,199
4,8.785382270812988,249
