train_loss,step,epoch
10.878332138061523,49,0
9.343116760253906,99,1
