train_loss,step,epoch
10.596430778503418,49,0
9.268282890319824,99,1
